product_name,product_link,rating,review
MSI 지포스 RTX 3060 벤투스 2X OC D6 12GB,https://prod.danawa.com/info/?pcode=13512254&keyword=rtx3060&cate=112753,100점,하이마트에는 카드할인이 있어서 하이마트에는 카드할인이 있어서 참좋아요 그래서 구매했습니다그래픽카드 장착 작동 잘되고 에이징 과부하시 온도 정상좋습니다풍절음 소음 조용하고 좋네요벤투스가 현역 3060에 메모리 12기가중에는 종합적인 성능및 쿨러 냉각은개인적으로 제일 좋은듯 합니다포장도 항상 에어 포장 신경써주셔서 판매자님 감사합니다
MSI 지포스 RTX 3060 벤투스 2X OC D6 12GB,https://prod.danawa.com/info/?pcode=13512254&keyword=rtx3060&cate=112753,80점,원래가격은 좀 있지만 하이마트 원래가격은 좀 있지만 하이마트 카드별 할인정책 콜라보가 있어서 좋습니다품질은 msi 코리아 정품박스 포장이라 나무랄데가 없습니다트윈쿨러라 냉각도 좋고 메이커제품의 지포스칩의 그래픽카드라 든든하고 튼튼합니다쿨링도 잘되지만 정숙합니다 as기간도 정품이라 cs이노베이션에서 무상 3년이라 마음에 듭니다 그래도고장없이 오래 오래 사용하면 더 좋겠지요
MSI 지포스 RTX 3060 벤투스 2X OC D6 12GB,https://prod.danawa.com/info/?pcode=13512254&keyword=rtx3060&cate=112753,100점,감사합니다~ 잘 받았습니다. 상태 양호하고 정품이고 설치 후 성능도 좋아요~ 램이 12GB이나 해서 CPU 발열 부담이 적어 조용합니다~ 알지 컴퍼니 적극 추천합니다~ 감사히 잘쓸께요^^
MSI 지포스 RTX 3060 벤투스 2X OC D6 12GB,https://prod.danawa.com/info/?pcode=13512254&keyword=rtx3060&cate=112753,100점,상태 양호 배송 빠름 배송도 빠르고 물건 상태도 양호하고 잘 돌라가서 대만족!
MSI 지포스 RTX 3060 벤투스 2X OC D6 12GB,https://prod.danawa.com/info/?pcode=13512254&keyword=rtx3060&cate=112753,100점,하이마트의 할인카드 행사가 있어 하이마트의 할인카드 행사가 있어서 구매했는데 마음에 듭니다 배송은 빠르게 다음날 도착했습니다 감사합니다 잘 사용할게요Mis 벤투스 11gb라 좋습니다
MSI 지포스 RTX 3060 벤투스 2X OC D6 12GB,https://prod.danawa.com/info/?pcode=13512254&keyword=rtx3060&cate=112753,100점,가격도 제일저렴 배송도빠르고 매 가격도 제일저렴 배송도빠르고 매우만족합니다.
MSI 지포스 RTX 3060 벤투스 2X OC D6 12GB,https://prod.danawa.com/info/?pcode=13512254&keyword=rtx3060&cate=112753,100점,영상편집용으로 사용하기 위해 주 영상편집용으로 사용하기 위해 주문했습니다.어도비 사용하려면 3060으로 충분하다고 유튜브영상에서 확인하고 구매했습니다.
MSI 지포스 RTX 3060 벤투스 2X OC D6 12GB,https://prod.danawa.com/info/?pcode=13512254&keyword=rtx3060&cate=112753,80점,상품이 괞찮습니다. 소음없고 깔끔합니다. 상품이 괞찮습니다. 소음없고 깔끔합니다.
MSI 지포스 RTX 3060 벤투스 2X OC D6 12GB,https://prod.danawa.com/info/?pcode=13512254&keyword=rtx3060&cate=112753,80점,RTX3060 12G 가성비 그래픽카드 작업용 가성비 추천합니다
MSI 지포스 RTX 3060 벤투스 2X OC D6 12GB,https://prod.danawa.com/info/?pcode=13512254&keyword=rtx3060&cate=112753,100점,저렴한 가격으로 아주 잘 쓰고 있 저렴한 가격으로 아주 잘 쓰고 있습니다
MSI 지포스 RTX 3060 벤투스 2X OC D6 12GB,https://prod.danawa.com/info/?pcode=13512254&keyword=rtx3060&cate=112753,100점,가격 저렴하고 배송 빨라서 좋았 가격 저렴하고 배송 빨라서 좋았어요
MSI 지포스 RTX 3060 벤투스 2X OC D6 12GB,https://prod.danawa.com/info/?pcode=13512254&keyword=rtx3060&cate=112753,100점,가격도 저렴하고 배송도 빠름니다 가격도 저렴하고 배송도 빠름니다.
MSI 지포스 RTX 3060 벤투스 2X OC D6 12GB,https://prod.danawa.com/info/?pcode=13512254&keyword=rtx3060&cate=112753,100점,가격도 저렴하고 배송도 빠름니다 가격도 저렴하고 배송도 빠름니다.
MSI 지포스 RTX 3060 벤투스 2X OC D6 12GB,https://prod.danawa.com/info/?pcode=13512254&keyword=rtx3060&cate=112753,80점,저렴하고 가성비 좋아요 저렴하고 가성비 좋아요
MSI 지포스 RTX 3060 벤투스 2X OC D6 12GB,https://prod.danawa.com/info/?pcode=13512254&keyword=rtx3060&cate=112753,100점,새 제품 잘 포장되어 왔습니다. 이 새 제품 잘 포장되어 왔습니다. 이상없이 잘 동작합니다.
MSI 지포스 RTX 3060 벤투스 2X OC D6 12GB,https://prod.danawa.com/info/?pcode=13512254&keyword=rtx3060&cate=112753,100점,빠른 배송 안전한 포장 좋아요 빠른 배송 안전한 포장 좋아요
MSI 지포스 RTX 3060 벤투스 2X OC D6 12GB,https://prod.danawa.com/info/?pcode=13512254&keyword=rtx3060&cate=112753,100점,빠른 배송 안전한 포장 좋아요 빠른 배송 안전한 포장 좋아요
MSI 지포스 RTX 3060 벤투스 2X OC D6 12GB,https://prod.danawa.com/info/?pcode=13512254&keyword=rtx3060&cate=112753,100점,빠른 배송 안전한 포장 좋아요 빠른 배송 안전한 포장 좋아요
MSI 지포스 RTX 3060 벤투스 2X OC D6 12GB,https://prod.danawa.com/info/?pcode=13512254&keyword=rtx3060&cate=112753,100점,착한 가격에 잘 샀어요. 기대되요. 착한 가격에 잘 샀어요. 기대되요.
MSI 지포스 RTX 3060 벤투스 2X OC D6 12GB,https://prod.danawa.com/info/?pcode=13512254&keyword=rtx3060&cate=112753,100점,배송 아주 빠르고 안전하게 포장 배송 아주 빠르고 안전하게 포장되어 왔습니다.
MSI 지포스 RTX 3060 벤투스 2X OC D6 12GB,https://prod.danawa.com/info/?pcode=13512254&keyword=rtx3060&cate=112753,100점,제품 정상작동하여 만족 제품 정상작동하여 만족
MSI 지포스 RTX 3060 벤투스 2X OC D6 12GB,https://prod.danawa.com/info/?pcode=13512254&keyword=rtx3060&cate=112753,100점,빠르고 좋습니다. 12GB라 성능도 좋네요.
MSI 지포스 RTX 3060 벤투스 2X OC D6 12GB,https://prod.danawa.com/info/?pcode=13512254&keyword=rtx3060&cate=112753,100점,급하게산다고 샀는데 다행히 토요일에 도착해서 잘조립했습... 급하게산다고 샀는데 다행히 토요일에 도착해서 잘조립했습니다~ 3060 좋아요!
MSI 지포스 RTX 3060 벤투스 2X OC D6 12GB,https://prod.danawa.com/info/?pcode=13512254&keyword=rtx3060&cate=112753,100점,빠른 배송 감사합니다. 포장도 잘 빠른 배송 감사합니다. 포장도 잘 해주셔서 안전하게 받았습니다.
MSI 지포스 RTX 3060 벤투스 2X OC D6 12GB,https://prod.danawa.com/info/?pcode=13512254&keyword=rtx3060&cate=112753,100점,최고예요 제품 상태가 좋습니다. 배송이 빠릅니다.
MSI 지포스 RTX 3060 벤투스 2X OC D6 12GB,https://prod.danawa.com/info/?pcode=13512254&keyword=rtx3060&cate=112753,100점,좋아요 잘작동돼고 엄청 빠르고 좋아요완젼 잘쓰고있어요
MSI 지포스 RTX 3060 벤투스 2X OC D6 12GB,https://prod.danawa.com/info/?pcode=13512254&keyword=rtx3060&cate=112753,100점,싸고 빠르고 좋아요 추천합니다 싸고 빠르고 좋아요 추천합니다
MSI 지포스 RTX 3060 벤투스 2X OC D6 12GB,https://prod.danawa.com/info/?pcode=13512254&keyword=rtx3060&cate=112753,100점,싸고 빠르고 좋아요 추천합니다 싸고 빠르고 좋아요 추천합니다
MSI 지포스 RTX 3060 벤투스 2X OC D6 12GB,https://prod.danawa.com/info/?pcode=13512254&keyword=rtx3060&cate=112753,100점,싸고 빠르고 좋아요 추천합니다 싸고 빠르고 좋아요 추천합니다
MSI 지포스 RTX 3060 벤투스 2X OC D6 12GB,https://prod.danawa.com/info/?pcode=13512254&keyword=rtx3060&cate=112753,100점,싸고 빠르고 좋아요 추천합니다 싸고 빠르고 좋아요 추천합니다
MSI 지포스 RTX 3060 벤투스 2X OC D6 12GB,https://prod.danawa.com/info/?pcode=13512254&keyword=rtx3060&cate=112753,100점,싸고 빠르고 좋아요 추천합니다 싸고 빠르고 좋아요 추천합니다
MSI 지포스 RTX 3060 벤투스 2X OC D6 12GB,https://prod.danawa.com/info/?pcode=13512254&keyword=rtx3060&cate=112753,100점,싸고 빠르고 좋아요 추천합니다 싸고 빠르고 좋아요 추천합니다
MSI 지포스 RTX 3060 벤투스 2X OC D6 12GB,https://prod.danawa.com/info/?pcode=13512254&keyword=rtx3060&cate=112753,100점,싸고 빠르고 좋아요 추천합니다 싸고 빠르고 좋아요 추천합니다
MSI 지포스 RTX 3060 벤투스 2X OC D6 12GB,https://prod.danawa.com/info/?pcode=13512254&keyword=rtx3060&cate=112753,100점,싸고 빠르고 좋아요 추천합니다 싸고 빠르고 좋아요 추천합니다
MSI 지포스 RTX 3060 벤투스 2X OC D6 12GB,https://prod.danawa.com/info/?pcode=13512254&keyword=rtx3060&cate=112753,100점,싸고 빠르고 좋아요 추천합니다 싸고 빠르고 좋아요 추천합니다
MSI 지포스 RTX 3060 벤투스 2X OC D6 12GB,https://prod.danawa.com/info/?pcode=13512254&keyword=rtx3060&cate=112753,100점,싸고 빠르고 좋아요 추천합니다 싸고 빠르고 좋아요 추천합니다
MSI 지포스 RTX 3060 벤투스 2X OC D6 12GB,https://prod.danawa.com/info/?pcode=13512254&keyword=rtx3060&cate=112753,100점,싸고 빠르고 좋아요 추천합니다 싸고 빠르고 좋아요 추천합니다
MSI 지포스 RTX 3060 벤투스 2X OC D6 12GB,https://prod.danawa.com/info/?pcode=13512254&keyword=rtx3060&cate=112753,100점,잘받았습니다 좋아요 추천합니다 잘받았습니다 좋아요 추천합니다 ? 잘받았습니다 좋아요 ?
MSI 지포스 RTX 3060 벤투스 2X OC D6 12GB,https://prod.danawa.com/info/?pcode=13512254&keyword=rtx3060&cate=112753,100점,배송도 빠르고 제품도 마음에 듭 배송도 빠르고 제품도 마음에 듭니다.좋은 제품 감사합니다. 많이 파세요.
MSI 지포스 RTX 3060 벤투스 2X OC D6 12GB,https://prod.danawa.com/info/?pcode=13512254&keyword=rtx3060&cate=112753,100점,영상 편집용으로 구입 했습니다~ 영상 편집용으로 구입 했습니다~
MSI 지포스 RTX 3060 벤투스 2X OC D6 12GB,https://prod.danawa.com/info/?pcode=13512254&keyword=rtx3060&cate=112753,100점,상품 굿굿 잘받았습니다. 이상없이 잘 동작합니다
MSI 지포스 RTX 3060 벤투스 2X OC D6 12GB,https://prod.danawa.com/info/?pcode=13512254&keyword=rtx3060&cate=112753,100점,좋은 제품 빠르게 배송 해 주셔서 좋은 제품 빠르게 배송 해 주셔서 감사합니다.많이 많이 파세요.
MSI 지포스 RTX 3060 벤투스 2X OC D6 12GB,https://prod.danawa.com/info/?pcode=13512254&keyword=rtx3060&cate=112753,100점,빠르고 아주 좋으네요 잘받았습니 빠르고 아주 좋으네요 잘받았습니다 항상 잘 이용하고 있습니다
MSI 지포스 RTX 3060 벤투스 2X OC D6 12GB,https://prod.danawa.com/info/?pcode=13512254&keyword=rtx3060&cate=112753,100점,하루 써보니 잘 작동합니다. 장기 하루 써보니 잘 작동합니다. 장기 사용시는 계속 써봐야..
MSI 지포스 RTX 3060 벤투스 2X OC D6 12GB,https://prod.danawa.com/info/?pcode=13512254&keyword=rtx3060&cate=112753,100점,빠른배송 감사합니다.작동도 잘됩니다. 빠른배송 감사합니다.작동도 잘됩니다.
MSI 지포스 RTX 3060 벤투스 2X OC D6 12GB,https://prod.danawa.com/info/?pcode=13512254&keyword=rtx3060&cate=112753,100점,총알배송에 만족합니다 배송도 빠르고 제품도 좋아요
MSI 지포스 RTX 3060 벤투스 2X OC D6 12GB,https://prod.danawa.com/info/?pcode=13512254&keyword=rtx3060&cate=112753,80점,배송도 빠르고 좋아요 배송도 빠르고 좋아요 ㅎㅎ
MSI 지포스 RTX 3060 벤투스 2X OC D6 12GB,https://prod.danawa.com/info/?pcode=13512254&keyword=rtx3060&cate=112753,100점,감사합니다 좋은제품 싸게 빠른시간에 받게신경써주셔서 감... 감사합니다 좋은제품 싸게 빠른시간에 받게신경써주셔서 감사
MSI 지포스 RTX 3060 벤투스 2X OC D6 12GB,https://prod.danawa.com/info/?pcode=13512254&keyword=rtx3060&cate=112753,100점,빠른배송 굿좋아요불량 없음 빠른배송 굿좋아요불량 없음굿
MSI 지포스 RTX 3060 벤투스 2X OC D6 12GB,https://prod.danawa.com/info/?pcode=13512254&keyword=rtx3060&cate=112753,80점,딸아이 생일선물로 줬는데아주 좋아해 요 딸아이 생일선물로 줬는데아주 좋아해 요
MSI 지포스 RTX 3060 벤투스 2X OC D6 12GB,https://prod.danawa.com/info/?pcode=13512254&keyword=rtx3060&cate=112753,100점,최고예요 배송도빠르고 좋아요 감사합니다
MSI 지포스 RTX 3060 벤투스 2X OC D6 12GB,https://prod.danawa.com/info/?pcode=13512254&keyword=rtx3060&cate=112753,100점,정품이라 좋아요 잘 구매했습니다. 좋아요
MSI 지포스 RTX 3060 벤투스 2X OC D6 12GB,https://prod.danawa.com/info/?pcode=13512254&keyword=rtx3060&cate=112753,100점,정품이라 좋습니다. 국내 정품이라 좋아요
MSI 지포스 RTX 3060 벤투스 2X OC D6 12GB,https://prod.danawa.com/info/?pcode=13512254&keyword=rtx3060&cate=112753,100점,제품이 너무 좋습니다. 제품이 너무 좋습니다.
MSI 지포스 RTX 3060 벤투스 2X OC D6 12GB,https://prod.danawa.com/info/?pcode=13512254&keyword=rtx3060&cate=112753,100점,잘받았습니다 감사합니다 잘받았습니다 감사합니다
MSI 지포스 RTX 3060 벤투스 2X OC D6 12GB,https://prod.danawa.com/info/?pcode=13512254&keyword=rtx3060&cate=112753,100점,잘받았습니다 감사합니다 잘받았습니다 감사합니다
MSI 지포스 RTX 3060 벤투스 2X OC D6 12GB,https://prod.danawa.com/info/?pcode=13512254&keyword=rtx3060&cate=112753,100점,감사합니다 잘받았습니다 감사합니다 잘받았습니다
MSI 지포스 RTX 3060 벤투스 2X OC D6 12GB,https://prod.danawa.com/info/?pcode=13512254&keyword=rtx3060&cate=112753,100점,감사합니다 잘받았습니다 감사합니다 잘받았습니다
MSI 지포스 RTX 3060 벤투스 2X OC D6 12GB,https://prod.danawa.com/info/?pcode=13512254&keyword=rtx3060&cate=112753,100점,좋아요. 좋아요.
MSI 지포스 RTX 3060 벤투스 2X OC D6 12GB,https://prod.danawa.com/info/?pcode=13512254&keyword=rtx3060&cate=112753,100점,감사합니다 감사합니다
MSI 지포스 RTX 3060 벤투스 2X OC D6 12GB,https://prod.danawa.com/info/?pcode=13512254&keyword=rtx3060&cate=112753,100점,화면이 훨씬 선명해 졋어요! 너무 좋습니다 역시 MSI
MSI 지포스 RTX 3060 벤투스 2X OC D6 12GB,https://prod.danawa.com/info/?pcode=13512254&keyword=rtx3060&cate=112753,80점,잘받았습니다 감사합니다 잘받았습니다 감사합니다
MSI 지포스 RTX 3060 벤투스 2X OC D6 12GB,https://prod.danawa.com/info/?pcode=13512254&keyword=rtx3060&cate=112753,100점,제품 이상없이 잘돌아갑니다 좋아요 제품 이상없이 잘돌아갑니다 좋아요
MSI 지포스 RTX 3060 벤투스 2X OC D6 12GB,https://prod.danawa.com/info/?pcode=13512254&keyword=rtx3060&cate=112753,100점,굿~~~~~~ 굿~~~~~~
MSI 지포스 RTX 3060 벤투스 2X OC D6 12GB,https://prod.danawa.com/info/?pcode=13512254&keyword=rtx3060&cate=112753,100점,잘 사용하겠습니다. 기존이 너무 잘 사용하겠습니다. 기존이 너무 별로였어요
MSI 지포스 RTX 3060 벤투스 2X OC D6 12GB,https://prod.danawa.com/info/?pcode=13512254&keyword=rtx3060&cate=112753,100점,싸게 잘 구입했습니다. 싸게 잘 구입했습니다.
MSI 지포스 RTX 3060 벤투스 2X OC D6 12GB,https://prod.danawa.com/info/?pcode=13512254&keyword=rtx3060&cate=112753,100점,빠른배송 감사합니다. 빠른배송 감사합니다.
MSI 지포스 RTX 3060 벤투스 2X OC D6 12GB,https://prod.danawa.com/info/?pcode=13512254&keyword=rtx3060&cate=112753,100점,https://memberssl.auction.co.k... https://memberssl.auction.co.kr/myauction/https://memberssl.auction.co.kr/myauction/
MSI 지포스 RTX 3060 벤투스 2X OC D6 12GB,https://prod.danawa.com/info/?pcode=13512254&keyword=rtx3060&cate=112753,100점,좋아요 좋아요
MSI 지포스 RTX 3060 벤투스 2X OC D6 12GB,https://prod.danawa.com/info/?pcode=13512254&keyword=rtx3060&cate=112753,100점,배송은 신속했고 제품은 정확했습니다 배송은 신속했고 제품은 정확했습니다
MSI 지포스 RTX 3060 벤투스 2X OC D6 12GB,https://prod.danawa.com/info/?pcode=13512254&keyword=rtx3060&cate=112753,100점,말해 뭐해요 제품 좋습니다 말해 뭐해요 제품 좋습니다
MSI 지포스 RTX 3060 벤투스 2X OC D6 12GB,https://prod.danawa.com/info/?pcode=13512254&keyword=rtx3060&cate=112753,80점,감사합니다 감사합니다
MSI 지포스 RTX 3060 벤투스 2X OC D6 12GB,https://prod.danawa.com/info/?pcode=13512254&keyword=rtx3060&cate=112753,100점,MSI 지포스 RTX 3060 벤투스 2X OC D6 12GB MSI 지포스 RTX 3060 벤투스 2X OC D6 12GB잘받았습니다
MSI 지포스 RTX 3060 벤투스 2X OC D6 12GB,https://prod.danawa.com/info/?pcode=13512254&keyword=rtx3060&cate=112753,80점,3060 좋군요 1060쓰다가 바꾸었는데 아주 좋군요 .
MSI 지포스 RTX 3060 벤투스 2X OC D6 12GB,https://prod.danawa.com/info/?pcode=13512254&keyword=rtx3060&cate=112753,100점,좋습니다좋아요좋습니다좋아요 좋습니다좋아요좋습니다좋아요
MSI 지포스 RTX 3060 벤투스 2X OC D6 12GB,https://prod.danawa.com/info/?pcode=13512254&keyword=rtx3060&cate=112753,100점,카드힐인에 적립금까지 최저가로 구매해서 싸게 잘 샀어요 카드힐인에 적립금까지 최저가로 구매해서 싸게 잘 샀어요.
MSI 지포스 RTX 3060 벤투스 2X OC D6 12GB,https://prod.danawa.com/info/?pcode=13512254&keyword=rtx3060&cate=112753,100점,좋은 기종이라고 들었습니다. 만족해요 좋은 기종이라고 들었습니다. 만족해요!
MSI 지포스 RTX 3060 벤투스 2X OC D6 12GB,https://prod.danawa.com/info/?pcode=13512254&keyword=rtx3060&cate=112753,100점,좋아요 잘받았습니다 잘쓰겠습니다
MSI 지포스 RTX 3060 벤투스 2X OC D6 12GB,https://prod.danawa.com/info/?pcode=13512254&keyword=rtx3060&cate=112753,80점,감사합니다. 많이 파세요~ 감사합니다. 많이 파세요~
MSI 지포스 RTX 3060 벤투스 2X OC D6 12GB,https://prod.danawa.com/info/?pcode=13512254&keyword=rtx3060&cate=112753,100점,괜찮네요 괜찮네요
MSI 지포스 RTX 3060 벤투스 2X OC D6 12GB,https://prod.danawa.com/info/?pcode=13512254&keyword=rtx3060&cate=112753,100점,빠른 배송 감사합니다.잘쓸게요~재구매하겠습니다. 빠른 배송 감사합니다.잘쓸게요~재구매하겠습니다.
MSI 지포스 RTX 3060 벤투스 2X OC D6 12GB,https://prod.danawa.com/info/?pcode=13512254&keyword=rtx3060&cate=112753,100점,아주만족합니다.~~~~~~~~~~ 아주만족합니다.~~~~~~~~~~
MSI 지포스 RTX 3060 벤투스 2X OC D6 12GB,https://prod.danawa.com/info/?pcode=13512254&keyword=rtx3060&cate=112753,100점,가격도 저렴하고 배송도 빠름니다 가격도 저렴하고 배송도 빠름니다.
MSI 지포스 RTX 3060 벤투스 2X OC D6 12GB,https://prod.danawa.com/info/?pcode=13512254&keyword=rtx3060&cate=112753,80점,가성비 로는 이게 좋다해서 사봤어요
MSI 지포스 RTX 3060 벤투스 2X OC D6 12GB,https://prod.danawa.com/info/?pcode=13512254&keyword=rtx3060&cate=112753,100점,가격도 괜찮고 배송도 만족합니다 가격도 괜찮고 배송도 만족합니다.
MSI 지포스 RTX 3060 벤투스 2X OC D6 12GB,https://prod.danawa.com/info/?pcode=13512254&keyword=rtx3060&cate=112753,100점,가격도 괜찮고 배송도 만족합니다 가격도 괜찮고 배송도 만족합니다.
MSI 지포스 RTX 3060 벤투스 2X OC D6 12GB,https://prod.danawa.com/info/?pcode=13512254&keyword=rtx3060&cate=112753,100점,가격도 저렴하고 배송도 빠름니다 가격도 저렴하고 배송도 빠름니다
MSI 지포스 RTX 3060 벤투스 2X OC D6 12GB,https://prod.danawa.com/info/?pcode=13512254&keyword=rtx3060&cate=112753,100점,팰월드 때문에 구입했습니다 성능은 다 안 나오지만 아들이 조아라하네요 메인보드바꾸면 더빨 너무좋네요 메인보드 업그렝드 하면 더 좋을듯요
MSI 지포스 RTX 3060 벤투스 2X OC D6 12GB,https://prod.danawa.com/info/?pcode=13512254&keyword=rtx3060&cate=112753,80점,좋아요 좋아요 좋아요 좋아요 ㅎㅎ
MSI 지포스 RTX 3060 벤투스 2X OC D6 12GB,https://prod.danawa.com/info/?pcode=13512254&keyword=rtx3060&cate=112753,100점,배송도 빠르고 포장도 잘되어왔습 배송도 빠르고 포장도 잘되어왔습니다 판매처와 하이마트 콜라보로 그래픽카드 3060 12gb 가끔씩 하이마트에서 주문하는데 카드할인이 많아서 좋습니다 그래서 주문하는 가장 큰 이유인듯 상품도 재포장이거나 중고가 아닌 새거라 안심도 되고요 작동 잘되고 온도및 그래픽카드 쿨러 2개도 온더 60도 올라가면 잘 돌고 그전에는 안돌고 정숙 멈춰져 있거 돌아갈시 풀로드시도 풍절음도 적당 정상 잘 작동합니다
MSI 지포스 RTX 3060 벤투스 2X OC D6 12GB,https://prod.danawa.com/info/?pcode=13512254&keyword=rtx3060&cate=112753,100점,빠른 배송 감사합니다. 빠른 배송 감사합니다.
MSI 지포스 RTX 3060 벤투스 2X OC D6 12GB,https://prod.danawa.com/info/?pcode=13512254&keyword=rtx3060&cate=112753,100점,빠른배송 감사합니다. 빠른배송 감사합니다.
MSI 지포스 RTX 3060 벤투스 2X OC D6 12GB,https://prod.danawa.com/info/?pcode=13512254&keyword=rtx3060&cate=112753,100점,좋은 가격에 가져갑니다~ 좋은 가격에 가져갑니다~
MSI 지포스 RTX 3060 벤투스 2X OC D6 12GB,https://prod.danawa.com/info/?pcode=13512254&keyword=rtx3060&cate=112753,100점,카드할인행사가 있어서 조립용으 카드할인행사가 있어서 조립용으로 하이마트로 자주 구입하게 되네요초도 불량없이 잘 장착이 되었고 작동 잘 됩니다요즘 msi가 메인보드 그래픽카드가 참 견고하게 잘 만들어지는듯 생각이 듭니다3060 12기가라 메모리 용량이 넉넉해서 좋았고 그래서 고르게 되었네요쿨러류가 다른 메이커사 보다 좀더 튼튼하게 그리고 날개의 갯수가 더 많아서소음이나 발열 관리에 탁월한듯 합니다벤투스 그래픽카드중 좋은 모델인듯 여겨집니다
MSI 지포스 RTX 3060 벤투스 2X OC D6 12GB,https://prod.danawa.com/info/?pcode=13512254&keyword=rtx3060&cate=112753,100점,MSI 지포스 RTX 3060 벤투스 2X OC D6 12G MSI 지포스 RTX 3060 벤투스 2X OC D6 12GB LHR 좋은 제품 잘받았습니다. 잘쓰겠습니다.
MSI 지포스 RTX 3060 벤투스 2X OC D6 12GB,https://prod.danawa.com/info/?pcode=13512254&keyword=rtx3060&cate=112753,100점,배송이 매우 빠릅니다 MSI 지포스 RTX 3060 벤투스 2X OC D6 12GB (정품)배송이 매우 빠릅니다
MSI 지포스 RTX 3060 벤투스 2X OC D6 12GB,https://prod.danawa.com/info/?pcode=13512254&keyword=rtx3060&cate=112753,80점,좋아요 잘 작동하고 았어요 좋아요 잘 작동하고 았어요
MSI 지포스 RTX 3060 벤투스 2X OC D6 12GB,https://prod.danawa.com/info/?pcode=13512254&keyword=rtx3060&cate=112753,100점,배송 빠르고 포장 잘 되어서 왔네 배송 빠르고 포장 잘 되어서 왔네요 정상 작동 잘 됩니다
MSI 지포스 RTX 3060 벤투스 2X OC D6 12GB,https://prod.danawa.com/info/?pcode=13512254&keyword=rtx3060&cate=112753,100점,빠른 발송 감사합니다. 빠른 발송 감사합니다.
MSI 지포스 RTX 3060 벤투스 2X OC D6 12GB,https://prod.danawa.com/info/?pcode=13512254&keyword=rtx3060&cate=112753,100점,좋아요좋아요좋아요좋아요 좋아요좋아요좋아요좋아요
갤럭시 GALAX 지포스 RTX 3060 V2 D6 12GB,https://prod.danawa.com/info/?pcode=14448719&keyword=rtx3060&cate=112753,80점,객럭시3060 다른곳에 비해 이집이 저렴해서 구입 어차피 물건은 다똑같은 제품인데 가격이 천차만별이네요
갤럭시 GALAX 지포스 RTX 3060 V2 D6 12GB,https://prod.danawa.com/info/?pcode=14448719&keyword=rtx3060&cate=112753,100점,아주좋습니다. 아주좋습니다.
갤럭시 GALAX 지포스 RTX 3060 V2 D6 12GB,https://prod.danawa.com/info/?pcode=14448719&keyword=rtx3060&cate=112753,80점,"빠른배송, 좋은 제품, 감사합니다. 빠른배송, 좋은 제품, 감사합니다."
갤럭시 GALAX 지포스 RTX 3060 V2 D6 12GB,https://prod.danawa.com/info/?pcode=14448719&keyword=rtx3060&cate=112753,100점,빠른 배송 감사합니다. 설치 후 이상없이 작동하고 있습니다.
갤럭시 GALAX 지포스 RTX 3060 V2 D6 12GB,https://prod.danawa.com/info/?pcode=14448719&keyword=rtx3060&cate=112753,100점,만족합니다 만족합니다
갤럭시 GALAX 지포스 RTX 3060 V2 D6 12GB,https://prod.danawa.com/info/?pcode=14448719&keyword=rtx3060&cate=112753,100점,빠른 배송 좋은 제품 빠른 배송 좋은 제품
갤럭시 GALAX 지포스 RTX 3060 V2 D6 12GB,https://prod.danawa.com/info/?pcode=14448719&keyword=rtx3060&cate=112753,100점,만족합니다. 감사합니다. 만족합니다. 감사합니다.
갤럭시 GALAX 지포스 RTX 3060 V2 D6 12GB,https://prod.danawa.com/info/?pcode=14448719&keyword=rtx3060&cate=112753,100점,가격대비 성능이 좋아요 가격대비 성능이 좋아요
갤럭시 GALAX 지포스 RTX 3060 V2 D6 12GB,https://prod.danawa.com/info/?pcode=14448719&keyword=rtx3060&cate=112753,100점,잘 작동됩니다. 덕분에 하프라이프 알릭스 잘합니다. 감... 잘 작동됩니다. 덕분에 하프라이프 알릭스 잘합니다. 감사합니다.
갤럭시 GALAX 지포스 RTX 3060 V2 D6 12GB,https://prod.danawa.com/info/?pcode=14448719&keyword=rtx3060&cate=112753,100점,쿠폰으로 저렴하게 구매 잘 했습니다 쿠폰으로 저렴하게 구매 잘 했습니다
갤럭시 GALAX 지포스 RTX 3060 V2 D6 12GB,https://prod.danawa.com/info/?pcode=14448719&keyword=rtx3060&cate=112753,80점,좋아요. 상품도 안전하게 잘 받았고 동작도 잘 되네요.
갤럭시 GALAX 지포스 RTX 3060 V2 D6 12GB,https://prod.danawa.com/info/?pcode=14448719&keyword=rtx3060&cate=112753,100점,좋아요 추천요 감사합니다. 잘 됩니다 . . . 좋아요 추천요 감사합니다. 잘 됩니다 . . .
갤럭시 GALAX 지포스 RTX 3060 V2 D6 12GB,https://prod.danawa.com/info/?pcode=14448719&keyword=rtx3060&cate=112753,100점,구매합니다 구매합니다
갤럭시 GALAX 지포스 RTX 3060 V2 D6 12GB,https://prod.danawa.com/info/?pcode=14448719&keyword=rtx3060&cate=112753,100점,구매합니다 구매합니다
갤럭시 GALAX 지포스 RTX 3060 V2 D6 12GB,https://prod.danawa.com/info/?pcode=14448719&keyword=rtx3060&cate=112753,100점,구매합니다 구매합니다
갤럭시 GALAX 지포스 RTX 3060 V2 D6 12GB,https://prod.danawa.com/info/?pcode=14448719&keyword=rtx3060&cate=112753,100점,구매합니다 구매합니다
갤럭시 GALAX 지포스 RTX 3060 V2 D6 12GB,https://prod.danawa.com/info/?pcode=14448719&keyword=rtx3060&cate=112753,100점,굿 뽁뽁이 겁나 감아지고 2차포장되서 옴
갤럭시 GALAX 지포스 RTX 3060 V2 D6 12GB,https://prod.danawa.com/info/?pcode=14448719&keyword=rtx3060&cate=112753,100점,잘 받았습니다. 잘 받았습니다.
갤럭시 GALAX 지포스 RTX 3060 V2 D6 12GB,https://prod.danawa.com/info/?pcode=14448719&keyword=rtx3060&cate=112753,100점,장착하기쉽고 좋으네요 장착하기쉽고 좋으네요
갤럭시 GALAX 지포스 RTX 3060 V2 D6 12GB,https://prod.danawa.com/info/?pcode=14448719&keyword=rtx3060&cate=112753,100점,갤럭시 GALAX 지포스 RTX 30 갤럭시 GALAX 지포스 RTX 3060 V2 D6 12GB 성능 가격 모두 만족합니다. 좋은 제품 잘쓰겠습니다.
갤럭시 GALAX 지포스 RTX 3060 V2 D6 12GB,https://prod.danawa.com/info/?pcode=14448719&keyword=rtx3060&cate=112753,100점,최고예요 어제 오후에 주문했는데 다음날 오후에 배송완료. 완전 총알배송이네요. 제품 포장상태 및 내부까지 깔끔합니다. 감사합니다. 잘 쓸게요.
갤럭시 GALAX 지포스 RTX 3060 V2 D6 12GB,https://prod.danawa.com/info/?pcode=14448719&keyword=rtx3060&cate=112753,100점,"여러사이트 비교하고 장바구니 담 여러사이트 비교하고 장바구니 담아두고 기다린게 어느덧 몇개월.. 그래픽카드 가격이 떨어지기만을 기다렸는데, 딜 가격 내리자마자 구매했어요.. 휴… 일단 베송 이틀만에 빠르게왔고, 제품 박스하나 찌그러진곳 없이 안전하게 깨끗하게 배송되어안심.. 모니터화소테스트시 정상 확인했어요.. 다행히 뽑기 잘 한듯 !! 구매하고 가격 바로 올라버리니 바로 구매하길 잘했다 싶네요!!"
갤럭시 GALAX 지포스 RTX 3060 V2 D6 12GB,https://prod.danawa.com/info/?pcode=14448719&keyword=rtx3060&cate=112753,100점,롯카 할인으로 저렴하게 장만 롯카 할인으로 저렴하게 장만
갤럭시 GALAX 지포스 RTX 3060 V2 D6 12GB,https://prod.danawa.com/info/?pcode=14448719&keyword=rtx3060&cate=112753,100점,기대 반 걱정 반으로 기다리고 있 기대 반 걱정 반으로 기다리고 있었는데 잘 왔네요.
갤럭시 GALAX 지포스 RTX 3060 V2 D6 12GB,https://prod.danawa.com/info/?pcode=14448719&keyword=rtx3060&cate=112753,100점,구매합니다 구매합니다
갤럭시 GALAX 지포스 RTX 3060 V2 D6 12GB,https://prod.danawa.com/info/?pcode=14448719&keyword=rtx3060&cate=112753,100점,구매합니다 구매합니다
갤럭시 GALAX 지포스 RTX 3060 V2 D6 12GB,https://prod.danawa.com/info/?pcode=14448719&keyword=rtx3060&cate=112753,100점,배송빠르고 성능 최고입니다 배송빠르고 성능 최고입니다
갤럭시 GALAX 지포스 RTX 3060 V2 D6 12GB,https://prod.danawa.com/info/?pcode=14448719&keyword=rtx3060&cate=112753,100점,좋아요 싸게 잘 샀습니다~ 추천해요
갤럭시 GALAX 지포스 RTX 3060 V2 D6 12GB,https://prod.danawa.com/info/?pcode=14448719&keyword=rtx3060&cate=112753,100점,평소보다 다소 값싸게 빅스마일 데이 이용하여 필요하던 비디오카드 구입 합니다. 아직까지는 가격대가 너무 비싼듯 합니다.빨리 가격이 내려 가야 할텐데..
갤럭시 GALAX 지포스 RTX 3060 V2 D6 12GB,https://prod.danawa.com/info/?pcode=14448719&keyword=rtx3060&cate=112753,100점,죠습니다 굿굿 개조와요 죠습니다 굿굿 개조와요
갤럭시 GALAX 지포스 RTX 3060 V2 D6 12GB,https://prod.danawa.com/info/?pcode=14448719&keyword=rtx3060&cate=112753,100점,질좋고 튼튼한 제품 보내주셔서 감사합니다. 질좋고 튼튼한 제품 보내주셔서 감사합니다.
갤럭시 GALAX 지포스 RTX 3060 V2 D6 12GB,https://prod.danawa.com/info/?pcode=14448719&keyword=rtx3060&cate=112753,100점,질좋고 튼튼한 제품 보내주셔서 감사합니다. 질좋고 튼튼한 제품 보내주셔서 감사합니다.
갤럭시 GALAX 지포스 RTX 3060 V2 D6 12GB,https://prod.danawa.com/info/?pcode=14448719&keyword=rtx3060&cate=112753,100점,질좋고 튼튼한 제품 보내주셔서 감사합니다. 질좋고 튼튼한 제품 보내주셔서 감사합니다.
갤럭시 GALAX 지포스 RTX 3060 V2 D6 12GB,https://prod.danawa.com/info/?pcode=14448719&keyword=rtx3060&cate=112753,100점,"좋습니다. 배송빠르고 제품 봉인씰 확실하고, 좋네요 빠셍"
갤럭시 GALAX 지포스 RTX 3060 V2 D6 12GB,https://prod.danawa.com/info/?pcode=14448719&keyword=rtx3060&cate=112753,100점,잘 받았습니다. 잘 받았습니다.
갤럭시 GALAX 지포스 RTX 3060 V2 D6 12GB,https://prod.danawa.com/info/?pcode=14448719&keyword=rtx3060&cate=112753,100점,상품에 만족합니다. 상품에 만족합니다.
갤럭시 GALAX 지포스 RTX 3060 V2 D6 12GB,https://prod.danawa.com/info/?pcode=14448719&keyword=rtx3060&cate=112753,100점,최고예요 저렴하게 구매해서 아주 잘 쓰고 있습니다!
갤럭시 GALAX 지포스 RTX 3060 V2 D6 12GB,https://prod.danawa.com/info/?pcode=14448719&keyword=rtx3060&cate=112753,80점,포장이 완충재랑 같이 잘 돼서 안전 포장이 완충재랑 같이 잘 돼서 안전
갤럭시 GALAX 지포스 RTX 3060 V2 D6 12GB,https://prod.danawa.com/info/?pcode=14448719&keyword=rtx3060&cate=112753,100점,최고예요 잘 도착했어요. 50만원대 구매 감사합니다.
갤럭시 GALAX 지포스 RTX 3060 V2 D6 12GB,https://prod.danawa.com/info/?pcode=14448719&keyword=rtx3060&cate=112753,100점,최고예요 ㅈ아요 맛이서요.. 많이파세쇼..조아요
갤럭시 GALAX 지포스 RTX 3060 V2 D6 12GB,https://prod.danawa.com/info/?pcode=14448719&keyword=rtx3060&cate=112753,100점,최상입니다 가격은 잇지만 사용하기 아주좋아요
갤럭시 GALAX 지포스 RTX 3060 V2 D6 12GB,https://prod.danawa.com/info/?pcode=14448719&keyword=rtx3060&cate=112753,80점,갤럭시 지포스 RTX 3060 pc 조립 했어요 속도 빠르고 좋아요
갤럭시 GALAX 지포스 RTX 3060 V2 D6 12GB,https://prod.danawa.com/info/?pcode=14448719&keyword=rtx3060&cate=112753,100점,"좋아요 배송이 빠르고, 상품 좋은놈으로 잘 왔네요.갤럭시 제품이라 성능은 좋을거 같네여"
갤럭시 GALAX 지포스 RTX 3060 V2 D6 12GB,https://prod.danawa.com/info/?pcode=14448719&keyword=rtx3060&cate=112753,100점,배송 빠르고 좋네요~~~~~~~ 배송 빠르고 좋습니다만.. 요즘 그래픽카드 가격 정말 미쳤네요~~~~바로 사용해서 어쩔수 없이 구매는 했지만 비싸서 눈물이....비트코인 샵들 다 망했으면 합니다
갤럭시 GALAX 지포스 RTX 3060 V2 D6 12GB,https://prod.danawa.com/info/?pcode=14448719&keyword=rtx3060&cate=112753,100점,아직도 비싸네요 아직도 비싸네요. 그냥 질러버렸습니다.
갤럭시 GALAX 지포스 RTX 3060 V2 D6 12GB,https://prod.danawa.com/info/?pcode=14448719&keyword=rtx3060&cate=112753,100점,좋아요~~! 최고입니다. 좋아요~~! 최고입니다.
갤럭시 GALAX 지포스 RTX 3060 V2 D6 12GB,https://prod.danawa.com/info/?pcode=14448719&keyword=rtx3060&cate=112753,100점,배송 빠르고 아주 좋아요~ 배송 빠르고 아주 좋아요~
GIGABYTE 지포스 RTX 3060 WINDFORCE OC D6 12GB 피씨디렉트,https://prod.danawa.com/info/?pcode=17658794&keyword=rtx3060&cate=112753,100점,최고예요 확인이 늦었네요 잘 됩니다
GIGABYTE 지포스 RTX 3060 WINDFORCE OC D6 12GB 피씨디렉트,https://prod.danawa.com/info/?pcode=17658794&keyword=rtx3060&cate=112753,100점,잘쓰겠습니다 감사합니다 잘쓰겠습니다 감사합니다
GIGABYTE 지포스 RTX 3060 WINDFORCE OC D6 12GB 피씨디렉트,https://prod.danawa.com/info/?pcode=17658794&keyword=rtx3060&cate=112753,100점,잘 받아보았습니다! 수고하세요 잘 받아보았습니다! 수고하세요
GIGABYTE 지포스 RTX 3060 WINDFORCE OC D6 12GB 피씨디렉트,https://prod.danawa.com/info/?pcode=17658794&keyword=rtx3060&cate=112753,100점,더 기다릴 수 없어 이 정도 가격에 그냥 합의보고 구매했어요그나마 싸게 구입한 거 같아 다행
GIGABYTE 지포스 RTX 3060 WINDFORCE OC D6 12GB 피씨디렉트,https://prod.danawa.com/info/?pcode=17658794&keyword=rtx3060&cate=112753,100점,배송빠르고 품질 확실합니다 믿을만한 기가바이트 메인보드 구매했어요... 제품 확실하고 믿을만 합니다
GIGABYTE 지포스 RTX 3060 WINDFORCE OC D6 12GB 피씨디렉트,https://prod.danawa.com/info/?pcode=17658794&keyword=rtx3060&cate=112753,100점,최고예요 최근에 구입한 제품중에 가장좋은 제품을 구입했습니다.
GIGABYTE 지포스 RTX 3060 WINDFORCE OC D6 12GB 피씨디렉트,https://prod.danawa.com/info/?pcode=17658794&keyword=rtx3060&cate=112753,80점,팬이 쉬다가 다시 돌때 드르륵 소 팬이 쉬다가 다시 돌때 드르륵 소리가납니다
GIGABYTE 지포스 RTX 3060 WINDFORCE OC D6 12GB 피씨디렉트,https://prod.danawa.com/info/?pcode=17658794&keyword=rtx3060&cate=112753,100점,GOOD GOOD
